QID,Question,Output
0,人間とは何か？30文字以内で答えてください。,人間とは、考え感情を持ち行動する社会的存在。
0,人間とは何か？30文字以内で答えてください。,意識を持ち、社会を形成する知的生命体。
0,人間とは何か？30文字以内で答えてください。,意識を持ち、社会を形成し、成長する存在。
0,人間とは何か？30文字以内で答えてください。,人間とは、知性と感情を持つ社会的存在。
0,人間とは何か？30文字以内で答えてください。,感情と理性を持ち、社会で共生する存在。
0,人間とは何か？30文字以内で答えてください。,人間は、思考し感情を持つ社会的生物。
0,人間とは何か？30文字以内で答えてください。,自己を探求し他者と関わる感情豊かな存在。
0,人間とは何か？30文字以内で答えてください。,自我を持ち、思考し、社会を形成する生物。
0,人間とは何か？30文字以内で答えてください。,知識と感情を持ち、社会を形成する存在。
0,人間とは何か？30文字以内で答えてください。,複雑な感情と思考を持つ社会的動物。
0,人間とは何か？30文字以内で答えてください。,「人間とは感情と思考を持つ社会的存在。」
0,人間とは何か？30文字以内で答えてください。,自我と感情を持ち、社会で生きる存在。
0,人間とは何か？30文字以内で答えてください。,考え、感じ、共に生きる多面的な存在。
0,人間とは何か？30文字以内で答えてください。,人間とは、感情と思考を持つ生物です。
0,人間とは何か？30文字以内で答えてください。,人間とは、自覚と感情を持つ社会的存在。
1,魂とは何か？30文字以内で答えてください。,魂は生命や意識の本質的な存在。
1,魂とは何か？30文字以内で答えてください。,魂とは、生命や個人の根源的な存在要素です。
1,魂とは何か？30文字以内で答えてください。,魂とは、生命や意識の源とされる存在。
1,魂とは何か？30文字以内で答えてください。,魂とは、個人の本質や内面的な存在。
1,魂とは何か？30文字以内で答えてください。,存在の本質や意識を表す非物質的な要素。
1,魂とは何か？30文字以内で答えてください。,人の本質や意識、生命の根源的な部分。
1,魂とは何か？30文字以内で答えてください。,魂とは、生命の本質や存在の根源とされるもの。
1,魂とは何か？30文字以内で答えてください。,人の本質や意識を表す無形の存在。
1,魂とは何か？30文字以内で答えてください。,魂とは、生命や存在の根源的なエネルギー。
1,魂とは何か？30文字以内で答えてください。,人の本質や精神を表す内なる存在。
1,魂とは何か？30文字以内で答えてください。,魂とは、存在の本質や精神的な自己のこと。
1,魂とは何か？30文字以内で答えてください。,魂は自己の本質や精神の核を指す概念です。
1,魂とは何か？30文字以内で答えてください。,心や精神の本質的な存在。
1,魂とは何か？30文字以内で答えてください。,人の精神や個性、内面の本質。
1,魂とは何か？30文字以内で答えてください。,肉体を超え、存在の本質を示す内なる力。
2,AIとは何か？30文字以内で答えてください。,人工知能は、機械に知的能力を持たせる技術です。
2,AIとは何か？30文字以内で答えてください。,AIは、人間の知能を模倣する技術です。
2,AIとは何か？30文字以内で答えてください。,人工知能は、コンピュータによる知的な活動です。
2,AIとは何か？30文字以内で答えてください。,人工知能は知的作業をシミュレーションする技術です。
2,AIとは何か？30文字以内で答えてください。,人工知能は、人間の知的作業を模倣する技術。
2,AIとは何か？30文字以内で答えてください。,人工知能は人の認知を模倣する技術です。
2,AIとは何か？30文字以内で答えてください。,人工知能は、機械による知的な情報処理技術。
2,AIとは何か？30文字以内で答えてください。,人工知能技術で人間の認知能力を模倣するもの。
2,AIとは何か？30文字以内で答えてください。,AIは、人間の知能を模倣する技術です。
2,AIとは何か？30文字以内で答えてください。,人工知能は機械による人間の知能模倣。
2,AIとは何か？30文字以内で答えてください。,人工知能が人間の知的活動を模倣する技術。
2,AIとは何か？30文字以内で答えてください。,人工知能技術で、人のように学習・判断。
2,AIとは何か？30文字以内で答えてください。,人工知能が人間の知的作業を模倣する技術。
2,AIとは何か？30文字以内で答えてください。,人工知能は、コンピュータが人の知能を模倣する技術です。
2,AIとは何か？30文字以内で答えてください。,人工知能は、人を模倣する技術です。
3,生命とは何か？30文字以内で答えてください。,生命とは、自ら繁殖し環境に適応する存在。
3,生命とは何か？30文字以内で答えてください。,生命とは、生きる力と存在の神秘です。
3,生命とは何か？30文字以内で答えてください。,生命とは、自己維持し成長する活動の過程。
3,生命とは何か？30文字以内で答えてください。,生命とは、自己維持と進化を続ける現象です。
3,生命とは何か？30文字以内で答えてください。,生命とは、自己複製し環境と相互作用する存在。
3,生命とは何か？30文字以内で答えてください。,生命とは、自律し、環境と相互作用する存在です。
3,生命とは何か？30文字以内で答えてください。,生命とは、成長し、繁殖し、環境に適応する存在です。
3,生命とは何か？30文字以内で答えてください。,生命とは、自ら成長し繁殖する有機的存在です。
3,生命とは何か？30文字以内で答えてください。,生命とは、自ら成長し繁殖する自己維持システムです。
3,生命とは何か？30文字以内で答えてください。,生命とは、自己修復・繁殖する有機的存在。
3,生命とは何か？30文字以内で答えてください。,生命とは、自己再生と進化を続ける現象。
3,生命とは何か？30文字以内で答えてください。,生きる過程で経験し、成長する旅。
3,生命とは何か？30文字以内で答えてください。,生命とは、自己を維持し進化する存在。
3,生命とは何か？30文字以内で答えてください。,生命とは、物質が自己維持し繁殖する現象です。
3,生命とは何か？30文字以内で答えてください。,生命とは、自らを維持し、変化し続ける存在です。
4,意識とは何か？30文字以内で答えてください。,自分の存在や思考を認識する心の状態。
4,意識とは何か？30文字以内で答えてください。,意識とは、自己や周囲を認識し、思考する能力。
4,意識とは何か？30文字以内で答えてください。,自己認識と外界への理解を持つ状態。
4,意識とは何か？30文字以内で答えてください。,意識とは、自己と周囲を認識する心の機能です。
4,意識とは何か？30文字以内で答えてください。,自己を知覚し、思考や感情を持つ状態。
4,意識とは何か？30文字以内で答えてください。,意識とは、自分や周囲の状況を知覚し考える能力です。
4,意識とは何か？30文字以内で答えてください。,自己知覚や環境への認識を持つ心の状態。
4,意識とは何か？30文字以内で答えてください。,自己と世界を認識し、思考する心の働き。
4,意識とは何か？30文字以内で答えてください。,意識は自己と環境の認識と理解の状態。
4,意識とは何か？30文字以内で答えてください。,意識とは、自己や環境を認識し感じる状態。
4,意識とは何か？30文字以内で答えてください。,意識とは、自己と環境を認識する心の状態。
4,意識とは何か？30文字以内で答えてください。,意識とは、自分の存在や環境を認識する心の状態。
4,意識とは何か？30文字以内で答えてください。,自己と環境を認識し、思考や感情を持つ状態。
4,意識とは何か？30文字以内で答えてください。,意識は自己認識と周囲の理解を持つ心の状態。
4,意識とは何か？30文字以内で答えてください。,意識とは、自分や環境に対する認識と理解です。
5,時間とは何か？30文字以内で答えてください。,変化を測る尺度であり、過去から未来への流れ。
5,時間とは何か？30文字以内で答えてください。,出来事が順序立って進行するための不可逆な概念。
5,時間とは何か？30文字以内で答えてください。,時間とは、出来事の順序や変化を測る尺度です。
5,時間とは何か？30文字以内で答えてください。,時間とは、出来事の連続を測る基準です。
5,時間とは何か？30文字以内で答えてください。,変化を測る基準であり、過去から未来への流れ。
5,時間とは何か？30文字以内で答えてください。,変化を測る基準であり、過去から未来への流れ。
5,時間とは何か？30文字以内で答えてください。,時間とは、事象の変化を測るための概念。
5,時間とは何か？30文字以内で答えてください。,変化や運動の順序を認識するための基準。
5,時間とは何か？30文字以内で答えてください。,時間とは、出来事の変化や順序を測るための概念です。
5,時間とは何か？30文字以内で答えてください。,変化や出来事を測定するための概念です。
5,時間とは何か？30文字以内で答えてください。,時間は、出来事の順序と持続を測る概念です。
5,時間とは何か？30文字以内で答えてください。,変化や出来事を連続的に測定する概念。
5,時間とは何か？30文字以内で答えてください。,変化を測る概念で、過去から未来への流れ。
5,時間とは何か？30文字以内で答えてください。,変化や出来事を測るための媒体。
5,時間とは何か？30文字以内で答えてください。,時間とは、出来事の順序と変化を示す尺度です。
6,宇宙とは何か？30文字以内で答えてください。,宇宙とは、物質と空間が広がる無限の領域。
6,宇宙とは何か？30文字以内で答えてください。,宇宙は、全ての物質とエネルギーが存在する広大な空間です。
6,宇宙とは何か？30文字以内で答えてください。,宇宙とは、無限の空間と時間を含む存在。
6,宇宙とは何か？30文字以内で答えてください。,宇宙とは、全ての物質と時空の広がり。
6,宇宙とは何か？30文字以内で答えてください。,宇宙とは、全ての物質と空間の無限の広がり。
6,宇宙とは何か？30文字以内で答えてください。,全てを包む時空間と物質・エネルギーの集合体です。
6,宇宙とは何か？30文字以内で答えてください。,宇宙とは、全ての物質と空間の広大な広がりです。
6,宇宙とは何か？30文字以内で答えてください。,宇宙は、物質と空間の広大な広がり。
6,宇宙とは何か？30文字以内で答えてください。,宇宙とは、全ての物質とエネルギーの広大な広がりです。
6,宇宙とは何か？30文字以内で答えてください。,宇宙は、全ての物質と空間、時間の広がりです。
6,宇宙とは何か？30文字以内で答えてください。,宇宙とはあらゆる物質と空間の広大な集合体です。
6,宇宙とは何か？30文字以内で答えてください。,宇宙は、物質とエネルギーが広がる広大な空間。
6,宇宙とは何か？30文字以内で答えてください。,宇宙とは、全ての物質と空間、時間の広がりです。
6,宇宙とは何か？30文字以内で答えてください。,宇宙は、全ての物質と空間が広がる無限の広がりです。
6,宇宙とは何か？30文字以内で答えてください。,宇宙とは、全ての物質と空間の広がりです。
